RMSE,MAPE
1.4393246721487405,0.47833900425579956
